id,cat,depth,nFluids,note,rma_m,rma_splits,rma_l,rma_maxL,rma_leaves,rma_d,rma_p,bs_m,bs_splits,bs_l,bs_maxL,bs_leaves,bs_d,bs_p,apdp_m,apdp_splits,apdp_l,apdp_maxL,apdp_leaves,apdp_d,apdp_p,larp_m,larp_splits,larp_l,larp_maxL,larp_leaves,larp_d,larp_p,ilp_m,ilp_splits,ilp_l,ilp_maxL,ilp_leaves,ilp_d,ilp_p,harp_m,harp_splits,harp_l,harp_maxL,harp_leaves,harp_d,harp_p
1,paper,7,7,Roy2010-Fig3,18,12,13,4,19,7,4,18,12,8,1,19,7,4,19,13,15,4,20,7,4,19,13,15,4,20,7,4,18,12,13,4,19,7,4,19,13,15,4,20,7,4
2,paper,7,8,8-equal-d7,7,0,4,1,8,3,4,7,0,4,1,8,3,4,7,0,4,1,8,3,4,7,0,4,1,8,3,4,7,0,4,1,8,3,4,7,0,4,1,8,3,4
3,paper,8,8,powers-of-2,8,1,1,1,9,8,1,8,1,1,1,9,8,1,8,1,1,1,9,8,1,8,1,1,1,9,8,1,8,1,1,1,9,8,1,8,1,1,1,9,8,1
4,paper,7,2,extreme-2fluid,7,6,7,7,8,7,1,7,6,7,7,8,7,1,7,6,7,7,8,7,1,7,6,7,7,8,7,1,7,6,7,7,8,7,1,7,6,7,7,8,7,1
5,paper,7,2,perfect-half,1,0,1,1,2,1,1,1,0,1,1,2,1,1,1,0,1,1,2,1,1,1,0,1,1,2,1,1,1,0,1,1,2,1,1,1,0,1,1,2,1,1
6,paper,8,5,1-dominant-d8,9,5,2,1,10,8,2,9,5,2,1,10,8,2,12,8,5,3,13,8,3,9,5,2,1,10,8,2,9,5,2,1,10,8,2,12,8,5,3,13,8,3
7,paper,7,13,13-near-equal,28,16,16,3,29,6,8,24,12,12,1,25,6,8,31,19,16,3,32,6,8,29,17,18,3,30,6,8,27,15,14,3,28,6,8,31,19,16,3,32,6,8
8,paper,6,6,odd-progression-d6,9,4,4,3,10,6,2,9,4,4,1,10,6,2,9,4,4,3,10,6,2,9,4,4,3,10,6,2,9,4,4,3,10,6,2,9,4,4,3,10,6,2
9,paper,8,8,primes-d8,28,21,23,5,29,8,6,21,14,10,1,22,8,4,26,19,18,5,27,8,5,23,16,15,5,24,8,5,23,16,15,5,24,8,5,26,19,18,5,27,8,5
10,edge,7,4,exact-quarter,3,0,2,1,4,2,2,3,0,2,1,4,2,2,3,0,2,1,4,2,2,3,0,2,1,4,2,2,3,0,2,1,4,2,2,3,0,2,1,4,2,2
11,edge,7,8,binary-weights,7,0,1,1,8,7,1,7,0,1,1,8,7,1,7,0,1,1,8,7,1,7,0,1,1,8,7,1,7,0,1,1,8,7,1,7,0,1,1,8,7,1
12,edge,7,4,symmetric-pair,7,4,6,3,8,4,2,7,4,4,1,8,4,2,7,4,6,3,8,4,2,7,4,6,3,8,4,2,7,4,6,3,8,4,2,7,4,6,3,8,4,2
13,edge,8,8,binary-d8,7,0,1,1,8,7,1,7,0,1,1,8,7,1,7,0,1,1,8,7,1,7,0,1,1,8,7,1,7,0,1,1,8,7,1,7,0,1,1,8,7,1
14,edge,7,4,no-exact-half,13,10,12,6,14,7,2,13,10,7,1,14,7,2,13,10,12,6,14,7,2,13,10,12,6,14,7,2,13,10,12,6,14,7,2,13,10,12,6,14,7,2
15,edge,7,32,32-equal-tiny,31,0,16,1,32,5,16,31,0,16,1,32,5,16,31,0,16,1,32,5,16,31,0,16,1,32,5,16,31,0,16,1,32,5,16,31,0,16,1,32,5,16
16,edge,7,3,2-trace-1-bulk,7,5,1,1,8,7,1,7,5,1,1,8,7,1,9,7,4,2,10,7,2,7,5,1,1,8,7,1,7,5,1,1,8,7,1,9,7,4,2,10,7,2
17,edge,7,4,2-large-2-trace,13,10,12,6,14,7,2,13,10,7,1,14,7,2,13,10,12,6,14,7,2,13,10,12,6,14,7,2,13,10,12,6,14,7,2,13,10,12,6,14,7,2
18,edge,10,2,extreme-2fluid-d10,10,9,10,10,11,10,1,10,9,10,10,11,10,1,10,9,10,10,11,10,1,10,9,10,10,11,10,1,10,9,10,10,11,10,1,10,9,10,10,11,10,1
19,edge,5,4,small-depth-d5,3,0,2,1,4,2,2,3,0,2,1,4,2,2,3,0,2,1,4,2,2,3,0,2,1,4,2,2,3,0,2,1,4,2,2,3,0,2,1,4,2,2
20,edge,6,33,33-equal-d6,32,0,16,1,33,6,16,32,0,16,1,33,6,16,32,0,16,1,33,6,16,32,0,16,1,33,6,16,32,0,16,1,33,6,16,32,0,16,1,33,6,16
21,edge,9,12,fibonacci-d9,31,20,19,6,32,9,5,28,17,14,1,29,9,4,29,18,14,6,30,9,4,30,19,16,5,31,9,5,32,21,16,5,33,9,5,29,18,14,6,30,9,4
22,stress,10,15,15-fluids-d10,64,50,49,7,65,10,9,52,38,24,1,53,10,7,54,40,41,7,55,10,7,52,38,45,7,53,10,7,58,44,49,7,59,10,8,54,40,41,7,55,10,7
23,stress,8,15,15-sequential-d8,43,29,34,5,44,8,9,38,24,18,1,39,8,7,42,28,31,5,43,8,8,38,24,31,5,39,8,7,38,24,31,5,39,8,7,42,28,31,5,43,8,8
24,rand-few,7,3,,6,4,5,5,7,6,1,6,4,5,5,7,6,1,6,4,5,5,7,6,1,6,4,5,5,7,6,1,6,4,5,5,7,6,1,6,4,5,5,7,6,1
25,rand-few,6,3,,5,3,4,3,6,4,2,5,3,4,3,6,4,2,7,5,6,3,8,4,2,5,3,4,3,6,4,2,5,3,4,3,6,4,2,7,5,6,3,8,4,2
26,rand-few,8,2,,8,7,8,8,9,8,1,8,7,8,8,9,8,1,8,7,8,8,9,8,1,8,7,8,8,9,8,1,8,7,8,8,9,8,1,8,7,8,8,9,8,1
27,rand-few,7,2,,7,6,7,7,8,7,1,7,6,7,7,8,7,1,7,6,7,7,8,7,1,7,6,7,7,8,7,1,7,6,7,7,8,7,1,7,6,7,7,8,7,1
28,rand-few,7,2,,7,6,7,7,8,7,1,7,6,7,7,8,7,1,7,6,7,7,8,7,1,7,6,7,7,8,7,1,7,6,7,7,8,7,1,7,6,7,7,8,7,1
29,rand-few,6,3,,6,4,3,3,7,6,1,6,4,3,3,7,6,1,6,4,3,3,7,6,1,8,6,7,5,9,6,2,6,4,3,3,7,6,1,6,4,3,3,7,6,1
30,rand-few,7,3,,10,8,6,3,11,7,2,9,7,4,2,10,7,2,11,9,8,4,12,7,2,11,9,8,4,12,7,2,10,8,6,3,11,7,2,11,9,8,4,12,7,2
31,rand-few,8,2,,7,6,7,7,8,7,1,7,6,7,7,8,7,1,7,6,7,7,8,7,1,7,6,7,7,8,7,1,7,6,7,7,8,7,1,7,6,7,7,8,7,1
32,rand-few,6,2,,6,5,6,6,7,6,1,6,5,6,6,7,6,1,6,5,6,6,7,6,1,6,5,6,6,7,6,1,6,5,6,6,7,6,1,6,5,6,6,7,6,1
33,rand-few,7,2,,5,4,5,5,6,5,1,5,4,5,5,6,5,1,5,4,5,5,6,5,1,5,4,5,5,6,5,1,5,4,5,5,6,5,1,5,4,5,5,6,5,1
34,rand-few,8,3,,8,6,1,1,9,8,1,8,6,1,1,9,8,1,8,6,1,1,9,8,1,14,12,13,7,15,8,2,8,6,1,1,9,8,1,8,6,1,1,9,8,1
35,rand-few,6,2,,6,5,6,6,7,6,1,6,5,6,6,7,6,1,6,5,6,6,7,6,1,6,5,6,6,7,6,1,6,5,6,6,7,6,1,6,5,6,6,7,6,1
36,rand-few,8,3,,6,4,2,2,7,6,1,6,4,2,2,7,6,1,6,4,2,2,7,6,1,6,4,2,2,7,6,1,6,4,2,2,7,6,1,6,4,2,2,7,6,1
37,rand-few,6,3,,10,8,8,4,11,6,2,9,7,5,2,10,6,2,11,9,10,5,12,6,2,11,9,10,5,12,6,2,9,7,7,4,10,6,2,11,9,10,5,12,6,2
38,rand-few,7,2,,6,5,6,6,7,6,1,6,5,6,6,7,6,1,6,5,6,6,7,6,1,6,5,6,6,7,6,1,6,5,6,6,7,6,1,6,5,6,6,7,6,1
39,rand-few,8,3,,14,12,12,6,15,8,2,11,9,7,4,12,8,2,12,10,11,7,13,8,2,12,10,11,7,13,8,2,11,9,9,6,12,8,2,12,10,11,7,13,8,2
40,rand-few,8,3,,13,11,10,5,14,8,2,11,9,5,2,12,8,2,14,12,12,6,15,8,2,14,12,12,6,15,8,2,12,10,9,5,13,8,2,14,12,12,6,15,8,2
41,rand-few,7,3,,12,10,11,6,13,7,2,9,7,3,1,10,7,2,12,10,11,6,13,7,2,12,10,11,6,13,7,2,12,10,11,6,13,7,2,12,10,11,6,13,7,2
42,rand-few,8,2,,7,6,7,7,8,7,1,7,6,7,7,8,7,1,7,6,7,7,8,7,1,7,6,7,7,8,7,1,7,6,7,7,8,7,1,7,6,7,7,8,7,1
43,rand-few,8,3,,11,9,10,7,12,8,2,10,8,6,4,11,8,2,11,9,10,7,12,8,2,11,9,10,7,12,8,2,11,9,10,7,12,8,2,11,9,10,7,12,8,2
44,rand-few,6,3,,5,3,2,2,6,5,1,5,3,2,2,6,5,1,5,3,2,2,6,5,1,5,3,2,2,6,5,1,5,3,2,2,6,5,1,5,3,2,2,6,5,1
45,rand-few,8,3,,12,10,9,5,13,8,2,11,9,4,1,12,8,2,13,11,11,6,14,8,2,13,11,11,6,14,8,2,12,10,9,5,13,8,2,13,11,11,6,14,8,2
46,rand-few,8,2,,6,5,6,6,7,6,1,6,5,6,6,7,6,1,6,5,6,6,7,6,1,6,5,6,6,7,6,1,6,5,6,6,7,6,1,6,5,6,6,7,6,1
47,rand-few,6,3,,6,4,1,1,7,6,1,6,4,1,1,7,6,1,6,4,1,1,7,6,1,8,6,5,3,9,6,2,6,4,1,1,7,6,1,6,4,1,1,7,6,1
48,rand-few,6,2,,6,5,6,6,7,6,1,6,5,6,6,7,6,1,6,5,6,6,7,6,1,6,5,6,6,7,6,1,6,5,6,6,7,6,1,6,5,6,6,7,6,1
49,rand-few,8,2,,7,6,7,7,8,7,1,7,6,7,7,8,7,1,7,6,7,7,8,7,1,7,6,7,7,8,7,1,7,6,7,7,8,7,1,7,6,7,7,8,7,1
50,rand-few,7,3,,7,5,2,2,8,7,1,7,5,2,2,8,7,1,7,5,2,2,8,7,1,7,5,2,2,8,7,1,7,5,2,2,8,7,1,7,5,2,2,8,7,1
51,rand-few,8,3,,15,13,14,7,16,8,2,10,8,8,6,11,8,2,10,8,9,7,11,8,2,10,8,9,7,11,8,2,10,8,9,7,11,8,2,10,8,9,7,11,8,2
52,rand-few,6,2,,1,0,1,1,2,1,1,1,0,1,1,2,1,1,1,0,1,1,2,1,1,1,0,1,1,2,1,1,1,0,1,1,2,1,1,1,0,1,1,2,1,1
53,rand-few,6,2,,6,5,6,6,7,6,1,6,5,6,6,7,6,1,6,5,6,6,7,6,1,6,5,6,6,7,6,1,6,5,6,6,7,6,1,6,5,6,6,7,6,1
54,rand-few,8,2,,8,7,8,8,9,8,1,8,7,8,8,9,8,1,8,7,8,8,9,8,1,8,7,8,8,9,8,1,8,7,8,8,9,8,1,8,7,8,8,9,8,1
55,rand-few,6,2,,5,4,5,5,6,5,1,5,4,5,5,6,5,1,5,4,5,5,6,5,1,5,4,5,5,6,5,1,5,4,5,5,6,5,1,5,4,5,5,6,5,1
56,rand-few,7,2,,3,2,3,3,4,3,1,3,2,3,3,4,3,1,3,2,3,3,4,3,1,3,2,3,3,4,3,1,3,2,3,3,4,3,1,3,2,3,3,4,3,1
57,rand-few,7,2,,6,5,6,6,7,6,1,6,5,6,6,7,6,1,6,5,6,6,7,6,1,6,5,6,6,7,6,1,6,5,6,6,7,6,1,6,5,6,6,7,6,1
58,rand-few,7,2,,6,5,6,6,7,6,1,6,5,6,6,7,6,1,6,5,6,6,7,6,1,6,5,6,6,7,6,1,6,5,6,6,7,6,1,6,5,6,6,7,6,1
59,rand-few,6,2,,5,4,5,5,6,5,1,5,4,5,5,6,5,1,5,4,5,5,6,5,1,5,4,5,5,6,5,1,5,4,5,5,6,5,1,5,4,5,5,6,5,1
60,rand-few,6,3,,6,4,1,1,7,6,1,6,4,1,1,7,6,1,8,6,4,2,9,6,2,6,4,1,1,7,6,1,6,4,1,1,7,6,1,8,6,4,2,9,6,2
61,rand-few,6,2,,6,5,6,6,7,6,1,6,5,6,6,7,6,1,6,5,6,6,7,6,1,6,5,6,6,7,6,1,6,5,6,6,7,6,1,6,5,6,6,7,6,1
62,rand-few,7,2,,5,4,5,5,6,5,1,5,4,5,5,6,5,1,5,4,5,5,6,5,1,5,4,5,5,6,5,1,5,4,5,5,6,5,1,5,4,5,5,6,5,1
63,rand-few,8,3,,11,9,8,5,12,8,2,11,9,6,3,12,8,2,12,10,10,6,13,8,2,12,10,10,6,13,8,2,13,11,10,5,14,8,2,12,10,10,6,13,8,2
64,rand-med,9,6,,26,21,22,7,27,9,5,16,11,8,1,17,9,2,21,16,9,4,22,9,4,27,22,21,7,28,9,4,29,24,23,7,30,9,5,21,16,9,4,22,9,4
65,rand-med,8,5,,13,9,10,6,14,8,3,12,8,6,3,13,8,3,18,14,15,6,19,8,3,18,14,15,6,19,8,3,13,9,10,6,14,8,3,18,14,15,6,19,8,3
66,rand-med,6,4,,15,12,13,5,16,6,3,12,9,6,1,13,6,3,13,10,11,5,14,6,3,14,11,12,5,15,6,3,12,9,9,5,13,6,3,13,10,11,5,14,6,3
67,rand-med,9,7,,34,28,30,7,35,9,5,24,18,11,2,25,9,4,31,25,25,7,32,9,5,32,26,26,7,33,9,5,33,27,26,7,34,9,5,31,25,25,7,32,9,5
68,rand-med,7,6,,16,11,8,4,17,7,3,15,10,7,1,16,7,3,19,14,13,5,20,7,4,17,12,10,5,18,7,3,16,11,8,4,17,7,3,19,14,13,5,20,7,4
69,rand-med,6,4,,11,8,10,5,12,6,2,11,8,6,1,12,6,2,11,8,10,5,12,6,2,11,8,10,5,12,6,2,11,8,10,5,12,6,2,11,8,10,5,12,6,2
70,rand-med,8,5,,20,16,13,7,21,8,3,17,13,7,1,18,8,3,22,18,15,5,23,8,4,24,20,19,5,25,8,4,23,19,19,7,24,8,4,22,18,15,5,23,8,4
71,rand-med,8,5,,10,6,8,5,11,7,2,10,6,7,4,11,7,2,13,9,11,5,14,7,2,10,6,8,5,11,7,2,13,9,11,5,14,7,2,13,9,11,5,14,7,2
72,rand-med,7,6,,19,14,16,5,20,7,4,15,10,8,2,16,7,4,19,14,16,5,20,7,4,18,13,15,5,19,7,4,19,14,16,5,20,7,4,19,14,16,5,20,7,4
73,rand-med,7,6,,13,8,7,4,14,7,3,13,8,5,1,14,7,3,15,10,10,4,16,7,3,13,8,7,4,14,7,3,14,9,8,5,15,7,3,15,10,10,4,16,7,3
74,rand-med,9,4,,17,14,16,8,18,9,2,17,14,9,1,18,9,2,17,14,16,8,18,9,2,17,14,16,8,18,9,2,17,14,16,8,18,9,2,17,14,16,8,18,9,2
75,rand-med,9,4,,14,11,9,4,15,9,3,12,9,4,1,13,9,2,14,11,8,6,15,9,2,13,10,7,5,14,9,2,13,10,7,4,14,9,2,14,11,8,6,15,9,2
76,rand-med,6,6,,16,11,12,4,17,6,4,14,9,7,1,15,6,4,19,14,14,4,20,6,4,17,12,13,4,18,6,4,17,12,13,4,18,6,4,19,14,14,4,20,6,4
77,rand-med,6,6,,15,10,11,5,16,6,4,13,8,6,1,14,6,3,14,9,10,5,15,6,3,13,8,9,5,14,6,3,14,9,10,5,15,6,3,14,9,10,5,15,6,3
78,rand-med,9,6,,27,22,23,6,28,9,5,18,13,7,1,19,9,3,25,20,18,7,26,9,4,21,16,13,7,22,9,3,22,17,14,8,23,9,3,25,20,18,7,26,9,4
79,rand-med,9,4,,23,20,21,8,24,9,3,17,14,10,2,18,9,3,19,16,17,7,20,9,3,19,16,17,7,20,9,3,18,15,15,7,19,9,3,19,16,17,7,20,9,3
80,rand-med,8,7,,26,20,19,6,27,8,4,20,14,10,2,21,8,4,21,15,13,5,22,8,4,28,22,23,6,29,8,5,25,19,19,6,26,8,4,21,15,13,5,22,8,4
81,rand-med,8,6,,22,17,18,6,23,8,4,18,13,8,1,19,8,4,26,21,22,5,27,8,5,28,23,24,5,29,8,5,23,18,19,6,24,8,4,26,21,22,5,27,8,5
82,rand-med,7,7,,26,20,22,5,27,7,5,18,12,9,1,19,7,4,23,17,19,5,24,7,4,21,15,17,5,22,7,4,23,17,19,5,24,7,4,23,17,19,5,24,7,4
83,rand-med,9,6,,29,24,25,7,30,9,5,23,18,11,2,24,9,4,30,25,24,8,31,9,5,30,25,25,8,31,9,5,26,21,21,6,27,9,5,30,25,24,8,31,9,5
84,rand-med,9,6,,26,21,19,7,27,9,4,22,17,9,1,23,9,4,31,26,25,7,32,9,5,29,24,23,7,30,9,5,28,23,23,7,29,9,4,31,26,25,7,32,9,5
85,rand-med,6,5,,15,11,10,5,16,6,3,13,9,7,2,14,6,3,16,12,12,4,17,6,4,17,13,14,5,18,6,4,15,11,11,5,16,6,4,16,12,12,4,17,6,4
86,rand-med,8,6,,28,23,24,7,29,8,5,14,9,7,1,15,8,2,14,9,8,2,15,8,2,14,9,8,2,15,8,2,19,14,13,7,20,8,3,14,9,8,2,15,8,2
87,rand-med,9,7,,26,20,21,7,27,9,4,25,19,11,1,26,9,4,35,29,28,7,36,9,6,33,27,24,7,34,9,5,26,20,20,7,27,9,4,35,29,28,7,36,9,6
88,rand-med,9,6,,33,28,29,8,34,9,5,23,18,10,2,24,9,3,27,22,20,8,28,9,4,26,21,21,8,27,9,4,25,20,18,8,26,9,4,27,22,20,8,28,9,4
89,rand-med,7,5,,16,12,14,5,17,7,3,16,12,6,1,17,7,3,16,12,14,5,17,7,3,16,12,14,5,17,7,3,16,12,14,5,17,7,3,16,12,14,5,17,7,3
90,rand-med,8,7,,25,19,21,6,26,8,5,16,10,6,1,17,8,3,17,11,13,5,18,8,3,17,11,13,5,18,8,3,17,11,13,5,18,8,3,17,11,13,5,18,8,3
91,rand-med,8,7,,30,24,25,6,31,8,5,22,16,10,1,23,8,4,26,20,19,6,27,8,4,30,24,22,6,31,8,5,27,21,20,6,28,8,4,26,20,19,6,27,8,4
92,rand-med,9,4,,19,16,15,6,20,9,3,16,13,8,2,17,9,3,19,16,15,6,20,9,3,17,14,13,5,18,9,3,17,14,12,6,18,9,3,19,16,15,6,20,9,3
93,rand-med,9,5,,28,24,25,7,29,9,4,21,17,8,1,22,9,3,26,22,20,8,27,9,4,22,18,14,8,23,9,3,21,17,13,7,22,9,3,26,22,20,8,27,9,4
94,rand-med,8,6,,27,22,23,7,28,8,5,16,11,9,2,17,8,3,21,16,17,7,22,8,4,18,13,13,7,19,8,3,19,14,14,7,20,8,4,21,16,17,7,22,8,4
95,rand-med,6,6,,9,4,4,2,10,6,2,8,3,3,1,9,6,2,13,8,10,3,14,6,3,11,6,7,4,12,6,2,11,6,6,4,12,6,2,13,8,10,3,14,6,3
96,rand-med,6,5,,14,10,11,5,15,6,3,13,9,7,2,14,6,3,14,10,12,5,15,6,3,14,10,12,5,15,6,3,14,10,11,5,15,6,3,14,10,12,5,15,6,3
97,rand-med,6,5,,10,6,7,4,11,6,2,10,6,5,1,11,6,2,14,10,12,4,15,6,3,10,6,7,4,11,6,2,10,6,7,4,11,6,2,14,10,12,4,15,6,3
98,rand-med,9,4,,21,18,18,8,22,9,3,17,14,7,1,18,9,3,23,20,21,8,24,9,3,22,19,20,7,23,9,3,20,17,17,8,21,9,3,23,20,21,8,24,9,3
99,rand-med,8,5,,22,18,19,7,23,8,4,12,8,6,2,13,8,2,17,13,13,5,18,8,3,16,12,12,5,17,8,3,17,13,12,7,18,8,3,17,13,13,5,18,8,3
100,rand-med,9,6,,22,17,19,8,23,9,4,17,12,8,2,18,9,3,26,21,19,8,27,9,4,25,20,18,8,26,9,4,24,19,21,8,25,9,4,26,21,19,8,27,9,4
101,rand-med,7,5,,15,11,10,6,16,7,3,13,9,6,1,14,7,3,17,13,14,6,18,7,4,14,10,11,6,15,7,3,13,9,7,5,14,7,3,17,13,14,6,18,7,4
102,rand-med,9,7,,25,19,18,6,26,8,4,18,12,9,2,19,8,4,24,18,16,5,25,8,5,31,25,24,6,32,8,6,25,19,16,5,26,8,6,24,18,16,5,25,8,5
103,rand-med,7,5,,14,10,8,6,15,7,3,11,7,5,1,12,7,2,12,8,6,4,13,7,2,14,10,8,6,15,7,3,13,9,7,6,14,7,2,12,8,6,4,13,7,2
104,rand-med,7,4,,17,14,15,6,18,7,3,14,11,8,2,15,7,3,17,14,15,6,18,7,3,17,14,15,6,18,7,3,14,11,11,6,15,7,3,17,14,15,6,18,7,3
105,rand-med,7,7,,16,10,6,4,17,7,3,14,8,6,1,15,7,3,17,11,9,3,18,7,3,15,9,6,3,16,7,3,15,9,6,3,16,7,3,17,11,9,3,18,7,3
106,rand-med,8,6,,16,11,9,6,17,8,3,12,7,5,1,13,8,2,15,10,8,4,16,8,3,17,12,10,6,18,8,3,16,11,9,6,17,8,3,15,10,8,4,16,8,3
107,rand-med,7,6,,19,14,15,5,20,7,4,13,8,6,1,14,7,4,22,17,16,5,23,7,4,21,16,16,5,22,7,5,18,13,12,5,19,7,4,22,17,16,5,23,7,4
108,rand-med,9,7,,26,20,18,6,27,9,5,22,16,9,1,23,9,4,30,24,22,7,31,9,5,24,18,16,7,25,9,4,27,21,21,6,28,9,5,30,24,22,7,31,9,5
109,rand-med,9,5,,22,18,19,6,23,9,4,15,11,9,3,16,9,2,21,17,12,3,22,9,4,30,26,27,8,31,9,4,22,18,17,8,23,9,3,21,17,12,3,22,9,4
110,rand-med,8,7,,25,19,20,7,26,8,4,21,15,10,2,22,8,4,25,19,20,7,26,8,4,25,19,20,7,26,8,4,22,16,15,7,23,8,4,25,19,20,7,26,8,4
111,rand-med,7,6,,17,12,11,5,18,7,3,17,12,8,2,18,7,3,20,15,15,5,21,7,4,17,12,11,5,18,7,3,17,12,11,5,18,7,3,20,15,15,5,21,7,4
112,rand-med,9,6,,28,23,24,8,29,9,4,22,17,9,1,23,9,3,26,21,18,8,27,9,4,25,20,19,8,26,9,4,25,20,19,8,26,9,4,26,21,18,8,27,9,4
113,rand-med,7,6,,15,10,11,6,16,7,3,15,10,7,1,16,7,3,17,12,13,6,18,7,3,16,11,13,6,17,7,4,15,10,11,5,16,7,3,17,12,13,6,18,7,3
114,rand-med,9,6,,26,21,18,6,27,9,4,21,16,10,2,22,9,3,34,29,29,7,35,9,5,27,22,22,7,28,9,4,24,19,18,7,25,9,4,34,29,29,7,35,9,5
115,rand-med,6,7,,14,8,8,4,15,6,4,13,7,7,1,14,6,4,18,12,14,4,19,6,4,16,10,11,4,17,6,4,18,12,12,4,19,6,4,18,12,14,4,19,6,4
116,rand-med,6,4,,8,5,5,3,9,6,2,8,5,3,1,9,6,2,11,8,7,3,12,6,3,8,5,5,3,9,6,2,8,5,5,3,9,6,2,11,8,7,3,12,6,3
117,rand-med,6,6,,11,6,5,4,12,6,2,11,6,6,1,12,6,2,11,6,5,4,12,6,2,12,7,7,4,13,6,3,11,6,5,4,12,6,2,11,6,5,4,12,6,2
118,rand-med,8,4,,18,15,14,7,19,8,3,14,11,8,2,15,8,3,17,14,13,6,18,8,3,18,15,16,6,19,8,3,16,13,11,6,17,8,3,17,14,13,6,18,8,3
119,rand-med,8,7,,33,27,28,6,34,8,6,19,13,9,1,20,8,4,26,20,18,6,27,8,4,20,14,10,3,21,8,4,27,21,18,6,28,8,4,26,20,18,6,27,8,4
120,rand-med,7,6,,21,16,18,5,22,7,4,19,14,9,1,20,7,4,19,14,16,5,20,7,4,19,14,16,5,20,7,4,19,14,16,5,20,7,4,19,14,16,5,20,7,4
121,rand-med,9,7,,39,33,34,7,40,9,6,28,22,14,1,29,9,4,33,27,27,7,34,9,5,30,24,24,7,31,9,4,30,24,21,7,31,9,4,33,27,27,7,34,9,5
122,rand-med,9,5,,21,17,16,6,22,9,3,18,14,7,1,19,9,3,21,17,13,6,22,9,3,24,20,21,7,25,9,4,19,15,11,7,20,9,3,21,17,13,6,22,9,3
123,rand-med,7,7,,14,8,7,3,15,7,3,14,8,8,2,15,7,3,15,9,9,3,16,7,3,17,11,13,5,18,7,4,14,8,7,3,15,7,3,15,9,9,3,16,7,3
124,rand-med,9,5,,24,20,18,8,25,9,3,19,15,9,1,20,9,3,22,18,14,7,23,9,3,26,22,22,7,27,9,4,24,20,18,8,25,9,3,22,18,14,7,23,9,3
125,rand-med,8,4,,18,15,16,7,19,8,3,14,11,8,3,15,8,3,16,13,13,5,17,8,3,17,14,15,6,18,8,3,17,14,13,7,18,8,3,16,13,13,5,17,8,3
126,rand-med,9,6,,27,22,24,7,28,9,4,21,16,10,2,22,9,4,25,20,22,7,26,9,4,27,22,24,7,28,9,4,26,21,23,7,27,9,4,25,20,22,7,26,9,4
127,rand-med,6,5,,11,7,6,5,12,6,2,11,7,6,1,12,6,2,13,9,9,5,14,6,3,11,7,6,5,12,6,2,11,7,6,5,12,6,2,13,9,9,5,14,6,3
128,rand-med,8,4,,15,12,14,7,16,8,2,15,12,8,1,16,8,2,15,12,14,7,16,8,2,15,12,14,7,16,8,2,15,12,14,7,16,8,2,15,12,14,7,16,8,2
129,rand-med,8,4,,16,13,14,7,17,8,3,14,11,7,2,15,8,3,17,14,15,7,18,8,3,17,14,15,7,18,8,3,19,16,17,7,20,8,3,17,14,15,7,18,8,3
130,rand-med,8,5,,23,19,20,7,24,8,4,19,15,10,2,20,8,4,21,17,18,7,22,8,4,20,16,17,7,21,8,4,23,19,19,6,24,8,4,21,17,18,7,22,8,4
131,rand-med,9,7,,39,33,34,7,40,9,6,22,16,10,2,23,9,4,34,28,26,7,35,9,5,34,28,28,6,35,9,6,35,29,27,7,36,9,6,34,28,26,7,35,9,5
132,rand-med,7,5,,14,10,10,5,15,7,3,14,10,7,2,15,7,3,19,15,15,6,20,7,4,15,11,11,6,16,7,3,14,10,9,4,15,7,3,19,15,15,6,20,7,4
133,rand-med,6,7,,12,6,9,4,13,6,4,12,6,6,1,13,6,4,14,8,11,4,15,6,4,12,6,9,4,13,6,4,12,6,9,4,13,6,4,14,8,11,4,15,6,4
134,rand-med,9,7,,34,28,26,6,35,9,6,25,19,12,2,26,9,4,33,27,25,7,34,9,5,30,24,20,7,31,9,5,30,24,21,7,31,9,5,33,27,25,7,34,9,5
135,rand-med,7,5,,16,12,13,5,17,6,4,13,9,7,2,14,6,3,15,11,10,5,16,6,3,14,10,11,5,15,6,3,13,9,10,4,14,6,3,15,11,10,5,16,6,3
136,rand-med,7,6,,19,14,16,6,20,7,4,18,13,7,1,19,7,3,18,13,12,6,19,7,3,20,15,16,6,21,7,4,18,13,13,6,19,7,3,18,13,12,6,19,7,3
137,rand-med,6,5,,11,7,8,4,12,6,3,11,7,6,2,12,6,3,11,7,8,3,12,6,3,11,7,8,3,12,6,3,11,7,8,3,12,6,3,11,7,8,3,12,6,3
138,rand-med,7,6,,15,10,11,4,16,7,3,14,9,7,2,15,7,3,16,11,12,4,17,7,3,15,10,11,4,16,7,3,16,11,12,4,17,7,3,16,11,12,4,17,7,3
139,rand-med,8,5,,26,22,23,7,27,8,4,14,10,6,2,15,8,3,18,14,11,7,19,8,3,22,18,19,7,23,8,4,18,14,11,6,19,8,3,18,14,11,7,19,8,3
140,rand-med,6,7,,15,9,10,3,16,6,4,14,8,6,1,15,6,4,17,11,12,3,18,6,4,16,10,10,4,17,6,4,15,9,9,3,16,6,4,17,11,12,3,18,6,4
141,rand-med,9,4,,16,13,12,6,17,7,3,12,9,6,1,13,7,2,13,10,10,6,14,7,2,14,11,12,6,15,7,3,15,12,11,6,16,7,3,13,10,10,6,14,7,2
142,rand-med,7,4,,7,4,1,1,8,7,1,7,4,1,1,8,7,1,10,7,4,3,11,7,2,7,4,1,1,8,7,1,7,4,1,1,8,7,1,10,7,4,3,11,7,2
143,rand-med,6,7,,17,11,12,3,18,6,5,14,8,7,2,15,6,4,19,13,15,4,20,6,5,16,10,12,3,17,6,5,14,8,9,3,15,6,4,19,13,15,4,20,6,5
144,rand-many,9,9,,36,28,30,7,37,9,6,28,20,13,1,29,9,5,36,28,26,7,37,9,5,33,25,27,7,34,9,6,32,24,21,7,33,9,5,36,28,26,7,37,9,5
145,rand-many,10,8,,37,30,26,8,38,10,6,27,20,13,2,28,10,4,36,29,28,7,37,10,5,40,33,32,8,41,10,6,33,26,23,7,34,10,5,36,29,28,7,37,10,5
146,rand-many,9,9,,32,24,20,7,33,9,5,29,21,14,1,30,9,4,36,28,29,7,37,9,6,36,28,27,7,37,9,6,33,25,21,7,34,9,5,36,28,29,7,37,9,6
147,rand-many,10,8,,42,35,33,8,43,10,6,37,30,17,1,38,10,5,43,36,35,8,44,10,6,44,37,36,8,45,10,6,43,36,34,8,44,10,6,43,36,35,8,44,10,6
148,rand-many,9,13,,51,39,34,6,52,9,8,43,31,20,1,44,9,7,50,38,33,6,51,9,8,52,40,42,6,53,9,9,44,32,31,6,45,9,7,50,38,33,6,51,9,8
149,rand-many,7,9,,27,19,20,5,28,7,6,22,14,11,1,23,7,4,25,17,18,5,26,7,5,22,14,15,5,23,7,4,22,14,16,5,23,7,4,25,17,18,5,26,7,5
150,rand-many,9,12,,38,27,25,5,39,9,7,34,23,17,2,35,9,6,48,37,38,7,49,9,9,38,27,28,5,39,9,7,38,27,29,6,39,9,7,48,37,38,7,49,9,9
151,rand-many,10,11,,59,49,47,8,60,10,9,35,25,17,1,36,10,6,46,36,31,8,47,10,7,39,29,25,7,40,10,6,50,40,41,8,51,10,8,46,36,31,8,47,10,7
152,rand-many,10,8,,49,42,39,7,50,10,7,28,21,13,1,29,10,4,38,31,25,8,39,10,5,34,27,20,8,35,10,5,39,32,26,7,40,10,6,38,31,25,8,39,10,5
153,rand-many,7,13,,34,22,26,5,35,7,8,32,20,15,1,33,7,7,34,22,27,5,35,7,8,33,21,24,5,34,7,7,34,22,25,5,35,7,7,34,22,27,5,35,7,8
154,rand-many,9,13,,46,34,32,6,47,9,8,42,30,19,1,43,9,7,54,42,43,6,55,9,9,47,35,38,6,48,9,8,46,34,35,6,47,9,8,54,42,43,6,55,9,9
155,rand-many,10,12,,56,45,45,8,57,10,9,43,32,20,1,44,10,6,53,42,36,7,54,10,8,53,42,39,7,54,10,8,52,41,40,8,53,10,8,53,42,36,7,54,10,8
156,rand-many,7,9,,27,19,19,5,28,7,6,21,13,10,1,22,7,4,25,17,18,5,26,7,5,25,17,18,5,26,7,5,24,16,16,5,25,7,5,25,17,18,5,26,7,5
157,rand-many,8,10,,32,23,15,6,33,8,5,26,17,13,2,27,8,5,35,26,23,6,36,8,7,34,25,25,5,35,8,6,34,25,24,5,35,8,6,35,26,23,6,36,8,7
158,rand-many,9,14,,53,40,43,6,54,9,10,45,32,22,1,46,9,8,56,43,42,6,57,9,10,50,37,39,6,51,9,9,49,36,36,6,50,9,8,56,43,42,6,57,9,10
159,rand-many,10,12,,53,42,37,8,54,10,7,39,28,17,1,40,10,5,43,32,24,6,44,10,6,50,39,37,6,51,10,7,46,35,27,8,47,10,7,43,32,24,6,44,10,6
160,rand-many,8,10,,37,28,31,6,38,8,7,31,22,14,1,32,8,7,40,31,29,6,41,8,7,35,26,29,6,36,8,7,35,26,28,6,36,8,7,40,31,29,6,41,8,7
161,rand-many,7,14,,36,23,25,4,37,7,8,32,19,16,1,33,7,8,36,23,27,4,37,7,8,33,20,24,4,34,7,8,33,20,24,4,34,7,8,36,23,27,4,37,7,8
162,rand-many,10,9,,44,36,34,8,45,10,6,32,24,13,1,33,10,5,47,39,36,8,48,10,7,44,36,33,8,45,10,7,44,36,31,8,45,10,7,47,39,36,8,48,10,7
163,rand-many,9,9,,33,25,20,7,34,9,5,29,21,14,1,30,9,5,44,36,37,7,45,9,7,43,35,36,7,44,9,7,37,29,23,7,38,9,6,44,36,37,7,45,9,7
164,rand-many,8,8,,30,23,25,6,31,8,6,23,16,11,1,24,8,4,23,16,15,5,24,8,4,24,17,17,6,25,8,5,24,17,17,6,25,8,4,23,16,15,5,24,8,4
165,rand-many,8,15,,47,33,35,5,48,8,9,37,23,18,1,38,8,8,44,30,27,5,45,8,8,44,30,35,5,45,8,9,42,28,31,5,43,8,8,44,30,27,5,45,8,8
166,rand-many,7,14,,32,19,22,4,33,7,8,29,16,14,1,30,7,8,36,23,23,4,37,7,8,31,18,20,4,32,7,8,31,18,20,4,32,7,8,36,23,23,4,37,7,8
167,rand-many,8,8,,26,19,19,5,27,8,5,23,16,10,1,24,8,5,32,25,27,5,33,8,6,32,25,20,6,33,8,5,30,23,19,6,31,8,5,32,25,27,5,33,8,6
168,rand-many,7,9,,23,15,14,5,24,7,4,20,12,9,1,21,7,4,25,17,17,5,26,7,5,23,15,14,5,24,7,4,20,12,11,5,21,7,4,25,17,17,5,26,7,5
169,rand-many,10,12,,59,48,44,7,60,10,9,40,29,19,1,41,10,6,41,30,24,7,42,10,6,45,34,32,7,46,10,7,45,34,28,7,46,10,6,41,30,24,7,42,10,6
170,rand-many,8,14,,46,33,35,6,47,8,9,41,28,20,1,42,8,9,51,38,41,6,52,8,10,43,30,31,6,44,8,9,41,28,28,6,42,8,9,51,38,41,6,52,8,10
171,rand-many,10,13,,50,38,35,8,51,10,8,42,30,20,1,43,10,7,52,40,32,7,53,10,8,55,43,41,7,56,10,9,60,48,42,7,61,10,9,52,40,32,7,53,10,8
172,rand-many,8,13,,38,26,31,5,39,8,8,33,21,15,1,34,8,7,37,25,26,5,38,8,8,39,27,25,5,40,8,8,41,29,31,6,42,8,8,37,25,26,5,38,8,8
173,rand-many,8,9,,32,24,22,6,33,8,6,26,18,12,1,27,8,5,35,27,23,6,36,8,6,30,22,20,6,31,8,6,31,23,20,6,32,8,6,35,27,23,6,36,8,6
174,rand-many,7,10,,26,17,20,5,27,7,6,23,14,10,1,24,7,5,30,21,24,4,31,7,7,27,18,21,5,28,7,6,27,18,21,5,28,7,6,30,21,24,4,31,7,7
175,rand-many,9,14,,64,51,52,6,65,9,11,43,30,21,1,44,9,8,60,47,44,6,61,9,10,53,40,43,6,54,9,10,44,31,30,6,45,9,8,60,47,44,6,61,9,10
176,rand-many,7,10,,26,17,19,5,27,7,6,20,11,10,1,21,7,4,28,19,15,5,29,7,6,22,13,11,4,23,7,5,22,13,10,5,23,7,4,28,19,15,5,29,7,6
177,rand-many,7,14,,37,24,28,4,38,7,8,31,18,16,1,32,7,8,37,24,29,4,38,7,8,35,22,27,4,36,7,8,33,20,24,4,34,7,8,37,24,29,4,38,7,8
178,rand-many,7,13,,30,18,23,5,31,7,7,29,17,15,1,30,7,6,33,21,26,5,34,7,7,29,17,21,5,30,7,6,29,17,21,5,30,7,6,33,21,26,5,34,7,7
179,rand-many,7,13,,29,17,15,5,30,7,6,27,15,13,1,28,7,6,30,18,22,5,31,7,7,28,16,17,5,29,7,6,27,15,15,5,28,7,6,30,18,22,5,31,7,7
180,rand-many,8,12,,40,29,27,6,41,8,7,27,16,12,1,28,8,5,31,20,13,5,32,8,5,34,23,25,5,35,8,6,28,17,14,5,29,8,5,31,20,13,5,32,8,5
181,rand-many,9,15,,43,29,31,6,44,9,8,39,25,18,1,40,9,7,54,40,36,6,55,9,9,44,30,25,5,45,9,8,45,31,27,7,46,9,8,54,40,36,6,55,9,9
182,rand-many,8,11,,31,21,21,5,32,8,6,29,19,15,1,30,8,6,36,26,25,5,37,8,7,34,24,25,5,35,8,7,30,20,19,4,31,8,6,36,26,25,5,37,8,7
183,rand-many,7,11,,31,21,22,5,32,7,8,26,16,13,1,27,7,6,31,21,22,5,32,7,7,32,22,22,5,33,7,7,28,18,19,5,29,7,6,31,21,22,5,32,7,7
184,rand-many,8,15,,47,33,37,5,48,8,10,45,31,22,1,46,8,10,51,37,41,5,52,8,10,47,33,37,5,48,8,10,49,35,37,5,50,8,10,51,37,41,5,52,8,10
185,rand-many,8,15,,38,24,29,6,39,8,8,35,21,17,1,36,8,7,37,23,27,6,38,8,8,38,24,30,6,39,8,8,35,21,24,6,36,8,7,37,23,27,6,38,8,8
186,rand-many,7,12,,24,13,17,4,25,7,7,24,13,11,1,25,7,7,33,22,25,4,34,7,7,24,13,17,4,25,7,7,25,14,18,4,26,7,7,33,22,25,4,34,7,7
187,rand-many,9,14,,47,34,35,6,48,9,10,40,27,19,1,41,9,8,43,30,21,5,44,9,8,47,34,34,6,48,9,8,40,27,24,4,41,9,8,43,30,21,5,44,9,8
188,rand-many,10,9,,30,22,20,7,31,10,4,25,17,10,1,26,10,3,26,18,17,6,27,10,3,27,19,19,6,28,10,4,26,18,17,6,27,10,3,26,18,17,6,27,10,3
189,rand-many,7,15,,25,11,14,4,26,7,6,24,10,12,1,25,7,6,30,16,19,3,31,7,8,24,10,13,4,25,7,6,24,10,12,3,25,7,6,30,16,19,3,31,7,8
190,rand-many,10,15,,56,42,36,7,57,10,9,42,28,20,1,43,10,6,65,51,48,7,66,10,11,43,29,25,6,44,10,6,48,34,30,6,49,10,7,65,51,48,7,66,10,11
191,rand-many,10,14,,63,50,49,8,64,10,9,48,35,23,1,49,10,8,55,42,42,7,56,10,8,58,45,44,7,59,10,8,52,39,39,8,53,10,8,55,42,42,7,56,10,8
192,rand-many,8,10,,28,19,21,6,29,8,6,20,11,10,1,21,8,4,32,23,20,6,33,8,6,21,12,9,3,22,8,4,25,16,14,6,26,8,4,32,23,20,6,33,8,6
193,rand-many,7,13,,32,20,23,4,33,7,7,30,18,14,1,31,7,7,38,26,30,5,39,7,8,34,22,24,4,35,7,7,30,18,19,4,31,7,7,38,26,30,5,39,7,8
194,rand-many,8,11,,26,16,17,5,27,8,5,26,16,12,1,27,8,5,27,17,17,5,28,8,5,26,16,17,5,27,8,5,26,16,17,5,27,8,5,27,17,17,5,28,8,5
195,rand-many,10,12,,58,47,48,7,59,10,8,41,30,20,1,42,10,6,51,40,40,8,52,10,8,45,34,31,8,46,10,7,44,33,29,7,45,10,7,51,40,40,8,52,10,8
196,rand-many,7,14,,29,16,20,4,30,7,7,26,13,13,1,27,7,6,31,18,18,4,32,7,7,26,13,12,3,27,7,6,26,13,12,3,27,7,6,31,18,18,4,32,7,7
197,rand-many,10,14,,67,54,57,7,68,10,11,52,39,25,1,53,10,8,63,50,51,7,64,10,11,65,52,52,6,66,10,11,60,47,49,7,61,10,10,63,50,51,7,64,10,11
198,rand-many,7,15,,36,22,26,4,37,7,8,33,19,15,1,34,7,7,39,25,29,4,40,7,9,34,20,25,4,35,7,7,34,20,25,4,35,7,7,39,25,29,4,40,7,9
199,rand-many,9,8,,29,22,20,5,30,9,5,25,18,12,1,26,9,4,33,26,18,6,34,9,5,33,26,25,6,34,9,5,28,21,19,5,29,9,5,33,26,18,6,34,9,5
200,rand-many,9,12,,46,35,34,6,47,9,9,33,22,15,1,34,9,6,45,34,34,7,46,9,8,34,23,22,5,35,9,6,36,25,23,5,37,9,6,45,34,34,7,46,9,8
201,rand-many,7,14,,34,21,24,4,35,7,7,30,17,14,1,31,7,7,34,21,24,4,35,7,7,32,19,22,4,33,7,7,31,18,21,4,32,7,7,34,21,24,4,35,7,7
202,rand-many,7,11,,25,15,20,5,26,7,5,24,14,11,1,25,7,5,25,15,20,5,26,7,5,25,15,19,5,26,7,5,25,15,19,5,26,7,5,25,15,20,5,26,7,5
203,rand-many,10,9,,51,43,44,8,52,10,8,34,26,15,1,35,10,5,42,34,31,8,43,10,6,43,35,30,6,44,10,6,44,36,34,8,45,10,6,42,34,31,8,43,10,6
204,rand-skew,7,3,,8,6,3,2,9,7,2,8,6,3,2,9,7,2,9,7,5,3,10,7,2,9,7,5,3,10,7,2,8,6,3,2,9,7,2,9,7,5,3,10,7,2
205,rand-skew,6,7,,10,4,5,2,11,6,3,10,4,4,1,11,6,3,11,5,5,2,12,6,3,10,4,5,2,11,6,3,10,4,5,2,11,6,3,11,5,5,2,12,6,3
206,rand-skew,8,3,,8,6,1,1,9,8,1,8,6,1,1,9,8,1,8,6,1,1,9,8,1,14,12,12,6,15,8,2,8,6,1,1,9,8,1,8,6,1,1,9,8,1
207,rand-skew,7,5,,8,4,3,2,9,7,2,8,4,3,2,9,7,2,11,7,4,2,12,7,2,8,4,3,2,9,7,2,8,4,3,2,9,7,2,11,7,4,2,12,7,2
208,rand-skew,9,5,,21,17,14,7,22,9,3,18,14,8,2,19,9,3,23,19,16,7,24,9,4,26,22,21,7,27,9,4,21,17,14,7,22,9,3,23,19,16,7,24,9,4
209,rand-skew,9,8,,25,18,19,5,26,9,5,20,13,9,2,21,9,4,28,21,19,5,29,9,5,26,19,16,5,27,9,4,24,17,16,5,25,9,4,28,21,19,5,29,9,5
210,rand-skew,7,8,,14,7,7,3,15,7,4,13,6,6,1,14,7,4,14,7,7,3,15,7,4,15,8,9,3,16,7,4,15,8,8,3,16,7,4,14,7,7,3,15,7,4
211,rand-skew,6,5,,10,6,6,3,11,6,3,10,6,4,1,11,6,3,11,7,7,3,12,6,3,10,6,6,3,11,6,3,10,6,6,3,11,6,3,11,7,7,3,12,6,3
212,rand-skew,6,4,,5,2,1,1,6,5,1,5,2,1,1,6,5,1,8,5,4,3,9,5,2,5,2,1,1,6,5,1,5,2,1,1,6,5,1,8,5,4,3,9,5,2
213,rand-skew,8,6,,16,11,11,3,17,8,4,16,11,8,2,17,8,4,18,13,13,5,19,8,4,16,11,11,3,17,8,4,17,12,12,3,18,8,4,18,13,13,5,19,8,4
214,rand-skew,9,3,,11,9,8,6,12,9,2,10,8,5,4,11,9,2,16,14,14,7,17,9,2,16,14,14,7,17,9,2,11,9,8,6,12,9,2,16,14,14,7,17,9,2
215,rand-skew,7,5,,9,5,5,3,10,7,2,9,5,4,2,10,7,2,14,10,10,5,15,7,3,9,5,5,3,10,7,2,9,5,5,3,10,7,2,14,10,10,5,15,7,3
216,rand-skew,8,7,,17,11,10,4,18,8,3,16,10,6,1,17,8,3,20,14,13,4,21,8,4,17,11,10,4,18,8,3,16,10,9,4,17,8,3,20,14,13,4,21,8,4
217,rand-skew,6,4,,10,7,6,3,11,6,3,10,7,4,1,11,6,3,13,10,10,4,14,6,3,10,7,6,3,11,6,3,10,7,6,3,11,6,3,13,10,10,4,14,6,3
218,rand-skew,9,5,,19,15,13,5,20,9,3,13,9,5,1,14,9,2,16,12,10,7,17,9,2,14,10,8,5,15,9,2,14,10,8,5,15,9,2,16,12,10,7,17,9,2
219,rand-skew,7,6,,12,7,6,3,13,7,3,12,7,4,1,13,7,3,14,9,9,5,15,7,3,12,7,6,3,13,7,3,12,7,6,3,13,7,3,14,9,9,5,15,7,3
220,rand-skew,8,7,,14,8,9,5,15,8,3,12,6,6,2,13,8,2,17,11,8,5,18,8,3,14,8,9,5,15,8,3,14,8,9,5,15,8,3,17,11,8,5,18,8,3
221,rand-skew,6,4,,6,3,3,2,7,5,2,6,3,3,2,7,5,2,7,4,3,2,8,5,2,6,3,3,2,7,5,2,6,3,3,2,7,5,2,7,4,3,2,8,5,2
222,rand-skew,9,8,,25,18,20,7,26,9,5,23,16,10,2,24,9,5,27,20,22,7,28,9,5,25,18,20,7,26,9,5,23,16,18,7,24,9,5,27,20,22,7,28,9,5
223,rand-skew,7,6,,9,4,3,2,10,7,2,9,4,3,1,10,7,2,14,9,8,5,15,7,3,9,4,3,2,10,7,2,9,4,3,2,10,7,2,14,9,8,5,15,7,3
224,rand-skew,9,3,,12,10,9,6,13,9,2,12,10,7,4,13,9,2,13,11,11,7,14,9,2,13,11,11,7,14,9,2,12,10,9,6,13,9,2,13,11,11,7,14,9,2
225,rand-skew,6,7,,10,4,6,3,11,6,3,10,4,4,1,11,6,3,15,9,11,5,16,6,4,10,4,6,3,11,6,3,10,4,6,3,11,6,3,15,9,11,5,16,6,4
226,rand-skew,9,3,,10,8,5,4,11,9,2,10,8,5,4,11,9,2,11,9,7,5,12,9,2,11,9,7,5,12,9,2,10,8,5,4,11,9,2,11,9,7,5,12,9,2
227,rand-skew,8,4,,7,4,3,2,8,6,2,7,4,2,1,8,6,2,7,4,3,2,8,6,2,7,4,3,2,8,6,2,7,4,3,2,8,6,2,7,4,3,2,8,6,2
228,rand-skew,7,8,,14,7,9,4,15,7,4,14,7,6,1,15,7,4,14,7,9,4,15,7,4,14,7,9,4,15,7,4,14,7,9,4,15,7,4,14,7,9,4,15,7,4
229,rand-skew,8,7,,19,13,11,4,20,8,4,16,10,7,1,17,8,4,19,13,11,4,20,8,4,20,14,13,4,21,8,4,21,15,13,4,22,8,4,19,13,11,4,20,8,4
230,rand-skew,6,8,,9,2,4,1,10,6,2,9,2,4,1,10,6,2,9,2,4,1,10,6,2,9,2,4,1,10,6,2,9,2,4,1,10,6,2,9,2,4,1,10,6,2
231,rand-skew,6,5,,9,5,5,3,10,6,2,9,5,4,1,10,6,2,9,5,5,3,10,6,2,9,5,5,3,10,6,2,9,5,5,3,10,6,2,9,5,5,3,10,6,2
232,rand-skew,7,6,,15,10,10,5,16,7,3,13,8,6,2,14,7,3,17,12,13,5,18,7,4,14,9,9,5,15,7,3,14,9,9,5,15,7,3,17,12,13,5,18,7,4
233,rand-skew,7,7,,18,12,13,5,19,7,4,16,10,7,1,17,7,4,21,15,16,5,22,7,5,18,12,14,5,19,7,4,16,10,12,5,17,7,4,21,15,16,5,22,7,5
234,rand-skew,9,6,,24,19,16,6,25,9,4,21,16,9,1,22,9,4,23,18,15,6,24,9,4,23,18,15,6,24,9,4,22,17,13,6,23,9,4,23,18,15,6,24,9,4
235,rand-skew,7,4,,9,6,4,2,10,7,2,9,6,3,1,10,7,2,12,9,7,3,13,7,3,9,6,4,2,10,7,2,9,6,4,2,10,7,2,12,9,7,3,13,7,3
236,rand-skew,8,3,,8,6,2,2,9,8,1,8,6,2,2,9,8,1,8,6,2,2,9,8,1,9,7,4,3,10,8,2,8,6,2,2,9,8,1,8,6,2,2,9,8,1
237,rand-skew,7,5,,11,7,7,4,12,7,3,11,7,5,2,12,7,3,12,8,8,3,13,7,3,11,7,7,4,12,7,3,11,7,7,4,12,7,3,12,8,8,3,13,7,3
238,rand-skew,7,7,,18,12,14,5,19,7,4,16,10,6,1,17,7,3,20,14,13,6,21,7,5,18,12,14,5,19,7,4,18,12,14,5,19,7,4,20,14,13,6,21,7,5
239,rand-skew,8,6,,11,6,5,3,12,8,2,11,6,4,1,12,8,2,11,6,5,3,12,8,2,11,6,5,3,12,8,2,11,6,5,3,12,8,2,11,6,5,3,12,8,2
240,rand-skew,6,5,,8,4,3,2,9,6,2,8,4,3,1,9,6,2,10,6,2,1,11,6,2,8,4,3,2,9,6,2,8,4,3,2,9,6,2,10,6,2,1,11,6,2
241,rand-skew,8,3,,8,6,3,3,9,8,1,8,6,3,3,9,8,1,12,10,8,4,13,8,2,8,6,3,3,9,8,1,8,6,3,3,9,8,1,12,10,8,4,13,8,2
242,rand-skew,8,6,,13,8,6,3,14,8,3,12,7,5,1,13,8,2,16,11,9,4,17,8,4,13,8,6,3,14,8,3,13,8,6,3,14,8,3,16,11,9,4,17,8,4
243,rand-skew,6,4,,6,3,1,1,7,6,1,6,3,1,1,7,6,1,6,3,1,1,7,6,1,6,3,1,1,7,6,1,6,3,1,1,7,6,1,6,3,1,1,7,6,1
244,rand-equal,9,8,,27,20,23,7,28,9,4,23,16,10,1,24,9,4,31,24,24,7,32,9,4,25,18,18,7,26,9,4,27,20,23,7,28,9,4,31,24,24,7,32,9,4
245,rand-equal,6,3,,11,9,10,5,12,6,2,9,7,5,2,10,6,2,10,8,9,5,11,6,2,11,9,10,5,12,6,2,10,8,9,5,11,6,2,10,8,9,5,11,6,2
246,rand-equal,6,6,,15,10,12,4,16,6,4,13,8,7,2,14,6,4,16,11,13,4,17,6,4,15,10,12,4,16,6,4,16,11,13,4,17,6,4,16,11,13,4,17,6,4
247,rand-equal,9,3,,15,13,14,8,16,9,2,11,9,4,2,12,9,2,15,13,14,8,16,9,2,17,15,16,8,18,9,2,17,15,16,8,18,9,2,15,13,14,8,16,9,2
248,rand-equal,9,8,,35,28,30,6,36,9,6,28,21,14,1,29,9,4,31,24,22,7,32,9,4,28,21,18,6,29,9,4,28,21,18,6,29,9,4,31,24,22,7,32,9,4
249,rand-equal,8,11,,40,30,29,5,41,8,8,32,22,15,1,33,8,8,42,32,31,5,43,8,9,40,30,28,5,41,8,8,41,31,32,5,42,8,8,42,32,31,5,43,8,9
250,rand-equal,6,7,,18,12,10,4,19,6,4,13,7,6,1,14,6,4,18,12,10,4,19,6,4,18,12,10,4,19,6,4,18,12,10,4,19,6,4,18,12,10,4,19,6,4
251,rand-equal,6,5,,14,10,11,4,15,6,4,13,9,7,2,14,6,4,16,12,13,4,17,6,4,13,9,10,4,14,6,4,17,13,14,4,18,6,4,16,12,13,4,17,6,4
252,rand-equal,6,7,,15,9,12,4,16,6,4,13,7,7,1,14,6,4,15,9,12,4,16,6,4,15,9,12,4,16,6,4,15,9,12,4,16,6,4,15,9,12,4,16,6,4
253,rand-equal,6,10,,23,14,16,3,24,6,8,23,14,12,1,24,6,8,25,16,18,3,26,6,8,23,14,16,3,24,6,8,26,17,19,3,27,6,8,25,16,18,3,26,6,8
254,rand-equal,6,5,,17,13,14,4,18,6,4,13,9,7,2,14,6,4,17,13,14,4,18,6,4,17,13,14,4,18,6,4,15,11,12,4,16,6,4,17,13,14,4,18,6,4
255,rand-equal,9,8,,30,23,26,7,31,9,4,25,18,12,2,26,9,4,31,24,24,7,32,9,5,30,23,26,7,31,9,4,29,22,25,7,30,9,4,31,24,24,7,32,9,5
256,rand-equal,8,12,,42,31,29,5,43,8,8,36,25,18,1,37,8,8,41,30,29,5,42,8,8,43,32,33,5,44,8,9,43,32,32,5,44,8,8,41,30,29,5,42,8,8
257,rand-equal,9,6,,29,24,26,7,30,9,4,22,17,11,1,23,9,4,30,25,27,7,31,9,4,30,25,27,7,31,9,4,30,25,27,7,31,9,4,30,25,27,7,31,9,4
258,rand-equal,6,8,,15,8,11,4,16,6,4,13,6,7,1,14,6,4,16,9,10,4,17,6,4,14,7,9,4,15,6,4,13,6,7,4,14,6,4,16,9,10,4,17,6,4
259,rand-equal,8,11,,44,34,34,5,45,8,8,33,23,16,1,34,8,8,40,30,30,5,41,8,8,43,33,33,5,44,8,8,46,36,33,5,47,8,9,40,30,30,5,41,8,8
260,rand-equal,6,7,,18,12,10,4,19,6,4,13,7,6,1,14,6,4,18,12,10,4,19,6,4,18,12,10,4,19,6,4,18,12,10,4,19,6,4,18,12,10,4,19,6,4
261,rand-equal,9,12,,44,33,34,6,45,9,8,37,26,19,1,38,9,8,50,39,40,6,51,9,9,51,40,43,6,52,9,9,47,36,37,6,48,9,8,50,39,40,6,51,9,9
262,rand-equal,6,10,,23,14,16,3,24,6,6,20,11,10,1,21,6,6,23,14,17,3,24,6,6,21,12,15,3,22,6,6,21,12,15,3,22,6,6,23,14,17,3,24,6,6
263,rand-equal,8,9,,37,29,30,5,38,8,8,32,24,15,1,33,8,8,36,28,29,5,37,8,8,36,28,29,5,37,8,8,40,32,33,5,41,8,8,36,28,29,5,37,8,8
264,rand-equal,7,6,,16,11,11,5,17,7,4,12,7,5,1,13,7,4,21,16,17,5,22,7,5,15,10,10,4,16,7,4,20,15,13,5,21,7,4,21,16,17,5,22,7,5
265,rand-equal,9,3,,14,12,13,7,15,8,2,12,10,6,2,13,8,2,14,12,13,7,15,8,2,15,13,14,7,16,8,2,14,12,13,7,15,8,2,14,12,13,7,15,8,2
266,rand-equal,7,5,,16,12,13,5,17,7,3,13,9,6,1,14,7,3,17,13,14,5,18,7,3,18,14,15,5,19,7,3,17,13,14,5,18,7,3,17,13,14,5,18,7,3
267,rand-equal,7,3,,12,10,11,6,13,7,2,9,7,3,1,10,7,2,12,10,11,6,13,7,2,12,10,11,6,13,7,2,12,10,11,6,13,7,2,12,10,11,6,13,7,2
268,rand-equal,9,7,,39,33,34,7,40,9,6,26,20,12,1,27,9,4,33,27,27,7,34,9,5,36,30,30,7,37,9,6,39,33,33,7,40,9,6,33,27,27,7,34,9,5
269,rand-equal,8,10,,41,32,34,5,42,8,8,32,23,16,1,33,8,8,41,32,34,5,42,8,8,33,24,26,5,34,8,8,37,28,30,5,38,8,8,41,32,34,5,42,8,8
270,rand-equal,9,9,,33,25,27,6,34,9,5,22,14,10,2,23,9,4,28,20,22,6,29,9,4,26,18,21,6,27,9,4,25,17,19,6,26,9,4,28,20,22,6,29,9,4
271,rand-equal,8,5,,22,18,19,6,23,8,4,14,10,6,2,15,8,4,22,18,19,6,23,8,4,22,18,19,6,23,8,4,21,17,18,6,22,8,4,22,18,19,6,23,8,4
272,rand-equal,8,10,,36,27,29,5,37,8,8,33,24,16,1,34,8,8,44,35,37,5,45,8,8,44,35,37,5,45,8,8,45,36,38,5,46,8,8,44,35,37,5,45,8,8
273,rand-equal,7,4,,17,14,15,6,18,7,3,12,9,6,1,13,7,2,13,10,7,6,14,7,2,16,13,13,6,17,7,3,15,12,11,6,16,7,3,13,10,7,6,14,7,2
274,rand-equal,9,3,,10,8,9,5,11,6,2,8,6,3,1,9,6,2,10,8,9,5,11,6,2,10,8,9,5,11,6,2,10,8,9,5,11,6,2,10,8,9,5,11,6,2
275,rand-equal,8,11,,42,32,34,5,43,8,8,29,19,14,1,30,8,8,33,23,22,5,34,8,8,33,23,23,5,34,8,8,36,26,27,5,37,8,8,33,23,22,5,34,8,8
276,rand-equal,9,6,,33,28,29,7,34,9,5,29,24,15,3,30,9,5,32,27,27,7,33,9,5,32,27,27,7,33,9,5,34,29,29,7,35,9,5,32,27,27,7,33,9,5
277,rand-equal,7,4,,12,9,11,6,13,7,2,12,9,7,2,13,7,2,12,9,11,6,13,7,2,12,9,11,6,13,7,2,12,9,11,6,13,7,2,12,9,11,6,13,7,2
278,rand-equal,9,8,,31,24,23,7,32,9,4,27,20,12,1,28,9,4,31,24,26,7,32,9,5,31,24,26,7,32,9,5,30,23,24,7,31,9,5,31,24,26,7,32,9,5
279,rand-equal,7,11,,32,22,25,4,33,7,8,28,18,13,1,29,7,8,36,26,29,4,37,7,8,32,22,25,4,33,7,8,33,23,26,4,34,7,8,36,26,29,4,37,7,8
280,rand-equal,8,8,,26,19,17,6,27,8,4,18,11,9,1,19,8,4,27,20,14,6,28,8,4,23,16,11,6,24,8,4,22,15,9,6,23,8,4,27,20,14,6,28,8,4
281,rand-equal,6,4,,7,4,6,5,8,6,2,7,4,5,4,8,6,2,7,4,6,5,8,6,2,7,4,6,5,8,6,2,7,4,6,5,8,6,2,7,4,6,5,8,6,2
282,rand-equal,6,7,,14,8,11,4,15,6,4,13,7,7,1,14,6,4,14,8,11,4,15,6,4,14,8,11,4,15,6,4,14,8,11,4,15,6,4,14,8,11,4,15,6,4
283,rand-equal,8,3,,14,12,13,7,15,8,2,9,7,2,1,10,8,2,14,12,13,7,15,8,2,15,13,14,7,16,8,2,14,12,13,7,15,8,2,14,12,13,7,15,8,2
284,rand-deep,10,9,,48,40,36,8,49,10,7,31,23,16,2,32,10,4,52,44,43,8,53,10,8,43,35,30,8,44,10,7,51,43,40,8,52,10,8,52,44,43,8,53,10,8
285,rand-deep,12,5,,41,37,38,10,42,12,4,27,23,12,2,28,12,3,34,30,26,10,35,12,4,34,30,30,10,35,12,4,33,29,24,10,34,12,4,34,30,26,10,35,12,4
286,rand-deep,11,5,,20,16,10,9,21,11,2,20,16,10,1,21,11,2,20,16,10,9,21,11,2,26,22,22,9,27,11,3,20,16,10,9,21,11,2,20,16,10,9,21,11,2
287,rand-deep,12,10,,55,46,43,10,56,12,6,49,40,21,1,50,12,5,55,46,44,10,56,12,6,57,48,49,10,58,12,7,57,48,48,10,58,12,6,55,46,44,10,56,12,6
288,rand-deep,9,10,,43,34,36,6,44,9,8,31,22,15,1,32,9,5,34,25,22,6,35,9,5,39,30,30,6,40,9,6,34,25,20,6,35,9,5,34,25,22,6,35,9,5
289,rand-deep,10,6,,36,31,29,8,37,10,5,29,24,14,2,30,10,4,37,32,30,9,38,10,5,33,28,25,9,34,10,4,34,29,26,9,35,10,4,37,32,30,9,38,10,5
290,rand-deep,12,4,,31,28,29,11,32,12,3,24,21,12,2,25,12,3,31,28,28,11,32,12,3,31,28,28,11,32,12,3,29,26,25,9,30,12,3,31,28,28,11,32,12,3
291,rand-deep,10,9,,56,48,48,8,57,10,8,37,29,17,1,38,10,5,51,43,40,8,52,10,7,41,33,31,8,42,10,5,40,32,26,7,41,10,5,51,43,40,8,52,10,7
292,rand-deep,12,10,,65,56,51,8,66,12,8,53,44,25,1,54,12,7,76,67,68,10,77,12,9,71,62,61,9,72,12,9,67,58,53,9,68,12,8,76,67,68,10,77,12,9
293,rand-deep,10,6,,41,36,37,8,42,10,5,25,20,11,1,26,10,4,35,30,29,8,36,10,5,38,33,32,8,39,10,5,31,26,26,8,32,10,4,35,30,29,8,36,10,5
294,rand-deep,12,8,,51,44,42,10,52,12,6,39,32,18,1,40,12,5,50,43,41,10,51,12,6,57,50,47,10,58,12,6,46,39,33,10,47,12,5,50,43,41,10,51,12,6
295,rand-deep,11,5,,28,24,20,8,29,11,3,21,17,10,1,22,11,3,34,30,29,9,35,11,4,34,30,30,9,35,11,4,31,27,23,10,32,11,4,34,30,29,9,35,11,4
296,rand-deep,10,10,,52,43,45,8,53,10,8,43,34,19,1,44,10,7,51,42,40,8,52,10,7,54,45,46,8,55,10,8,49,40,36,8,50,10,7,51,42,40,8,52,10,7
297,rand-deep,9,9,,35,27,26,7,36,9,6,29,21,13,1,30,9,5,32,24,18,7,33,9,5,35,27,27,7,36,9,6,31,23,18,7,32,9,5,32,24,18,7,33,9,5
298,rand-deep,12,7,,48,42,43,9,49,12,6,31,25,14,1,32,12,4,34,28,23,9,35,12,4,40,34,34,9,41,12,5,35,29,24,9,36,12,4,34,28,23,9,35,12,4
299,rand-deep,11,7,,41,35,35,8,42,11,5,40,34,18,1,41,11,5,43,37,38,8,44,11,5,43,37,38,8,44,11,5,40,34,34,8,41,11,5,43,37,38,8,44,11,5
300,rand-deep,9,4,,16,13,12,8,17,9,2,13,10,5,1,14,9,2,19,16,17,8,20,9,3,18,15,16,8,19,9,3,16,13,12,8,17,9,2,19,16,17,8,20,9,3
301,rand-deep,9,9,,40,32,34,7,41,9,6,28,20,14,1,29,9,4,34,26,21,7,35,9,6,29,21,16,7,30,9,4,36,28,26,7,37,9,6,34,26,21,7,35,9,6
302,rand-deep,10,4,,23,20,20,9,24,10,3,17,14,9,2,18,10,3,22,19,20,9,23,10,3,27,24,25,9,28,10,3,21,18,18,9,22,10,3,22,19,20,9,23,10,3
303,rand-deep,10,4,,25,22,23,8,26,10,3,15,12,6,1,16,10,2,21,18,14,8,22,10,3,18,15,10,8,19,10,2,18,15,9,8,19,10,2,21,18,14,8,22,10,3
304,rand-shallow,6,4,,8,5,6,5,9,6,2,8,5,5,3,9,6,2,11,8,8,5,12,6,2,8,5,6,5,9,6,2,8,5,6,5,9,6,2,11,8,8,5,12,6,2
305,rand-shallow,6,5,,10,6,7,3,11,6,2,9,5,4,1,10,6,2,11,7,9,4,12,6,3,11,7,9,4,12,6,3,10,6,7,3,11,6,2,11,7,9,4,12,6,3
306,rand-shallow,4,5,,6,2,3,2,7,4,2,6,2,3,1,7,4,2,6,2,3,2,7,4,2,6,2,3,2,7,4,2,6,2,3,2,7,4,2,6,2,3,2,7,4,2
307,rand-shallow,4,2,,4,3,4,4,5,4,1,4,3,4,4,5,4,1,4,3,4,4,5,4,1,4,3,4,4,5,4,1,4,3,4,4,5,4,1,4,3,4,4,5,4,1
308,rand-shallow,5,2,,1,0,1,1,2,1,1,1,0,1,1,2,1,1,1,0,1,1,2,1,1,1,0,1,1,2,1,1,1,0,1,1,2,1,1,1,0,1,1,2,1,1
309,rand-shallow,5,5,,10,6,8,3,11,5,3,10,6,4,1,11,5,3,11,7,9,3,12,5,3,11,7,9,3,12,5,3,10,6,8,3,11,5,3,11,7,9,3,12,5,3
310,rand-shallow,5,3,,8,6,6,3,9,5,2,7,5,4,2,8,5,2,8,6,7,4,9,5,2,8,6,7,4,9,5,2,7,5,5,3,8,5,2,8,6,7,4,9,5,2
311,rand-shallow,6,3,,5,3,2,2,6,5,1,5,3,2,2,6,5,1,5,3,2,2,6,5,1,5,3,2,2,6,5,1,5,3,2,2,6,5,1,5,3,2,2,6,5,1
312,rand-shallow,6,2,,6,5,6,6,7,6,1,6,5,6,6,7,6,1,6,5,6,6,7,6,1,6,5,6,6,7,6,1,6,5,6,6,7,6,1,6,5,6,6,7,6,1
313,rand-shallow,4,2,,4,3,4,4,5,4,1,4,3,4,4,5,4,1,4,3,4,4,5,4,1,4,3,4,4,5,4,1,4,3,4,4,5,4,1,4,3,4,4,5,4,1
314,rand-shallow,4,3,,5,3,4,3,6,4,2,5,3,4,3,6,4,2,7,5,6,3,8,4,2,5,3,4,3,6,4,2,5,3,4,3,6,4,2,7,5,6,3,8,4,2
315,rand-shallow,6,4,,9,6,5,3,10,6,2,9,6,5,2,10,6,2,12,9,9,4,13,6,3,10,7,7,3,11,6,3,9,6,5,2,10,6,2,12,9,9,4,13,6,3
316,rand-shallow,6,5,,14,10,11,5,15,6,4,9,5,6,3,10,6,2,9,5,6,3,10,6,2,9,5,6,3,10,6,2,9,5,6,3,10,6,2,9,5,6,3,10,6,2
317,rand-shallow,5,4,,10,7,7,4,11,5,3,8,5,5,2,9,5,2,11,8,9,4,12,5,3,11,8,9,4,12,5,3,8,5,5,2,9,5,2,11,8,9,4,12,5,3
318,rand-shallow,6,4,,8,5,5,3,9,6,2,8,5,3,1,9,6,2,8,5,5,3,9,6,2,8,5,5,3,9,6,2,8,5,5,3,9,6,2,8,5,5,3,9,6,2
319,rand-shallow,4,2,,3,2,3,3,4,3,1,3,2,3,3,4,3,1,3,2,3,3,4,3,1,3,2,3,3,4,3,1,3,2,3,3,4,3,1,3,2,3,3,4,3,1
320,rand-shallow,4,2,,4,3,4,4,5,4,1,4,3,4,4,5,4,1,4,3,4,4,5,4,1,4,3,4,4,5,4,1,4,3,4,4,5,4,1,4,3,4,4,5,4,1
321,rand-shallow,6,4,,12,9,10,5,13,6,3,8,5,3,1,9,6,2,13,10,10,4,14,6,3,10,7,6,4,11,6,2,10,7,6,4,11,6,2,13,10,10,4,14,6,3
322,rand-shallow,5,5,,6,2,2,1,7,5,2,6,2,2,1,7,5,2,6,2,2,1,7,5,2,7,3,4,2,8,5,2,6,2,2,1,7,5,2,6,2,2,1,7,5,2
323,rand-shallow,6,3,,11,9,10,5,12,6,2,10,8,6,2,11,6,2,10,8,9,5,11,6,2,10,8,9,5,11,6,2,10,8,9,5,11,6,2,10,8,9,5,11,6,2
